build_up_id,match_id,match_name,match_date,team,opponent,scorer,minute,second,period,possession,passes_before_goal,attack_duration_seconds,build_up_type,shot_xg,tournament_stage,tournament_progress_score,finishing_efficiency,goal_event_id,match_stage,play_pattern,start_x,start_y,goal_x,goal_y,shot_x,shot_y
3857256_1,3857256,Serbia vs Switzerland,2022-12-02,Switzerland,Serbia,Xherdan Shaqiri,19,11,1,44,5,18,Medium build-up,0.06969889,Round of 16,2,0.1351351351351351,3857256_1,Group Stage,From Free Kick,29.7,74.2,107.5,50.6,107.5,50.6
3857256_2,3857256,Serbia vs Switzerland,2022-12-02,Serbia,Switzerland,Aleksandar Mitrović,25,56,1,68,2,7,Quick attack,0.06371751,Group Stage,1,0.15625,3857256_2,Group Stage,Regular Play,57.3,13.5,108.3,38.6,108.3,38.6
3857256_3,3857256,Serbia vs Switzerland,2022-12-02,Serbia,Switzerland,Dušan Vlahović,34,28,1,82,0,5,Quick attack,0.15928414,Group Stage,1,0.15625,3857256_3,Group Stage,From Counter,80.8,20.3,106.2,31.8,106.2,31.8
3857256_4,3857256,Serbia vs Switzerland,2022-12-02,Switzerland,Serbia,Breel-Donald Embolo,43,41,1,99,5,19,Medium build-up,0.72697556,Round of 16,2,0.1351351351351351,3857256_4,Group Stage,Regular Play,6.4,53.0,114.4,36.9,114.4,36.9
3857256_5,3857256,Serbia vs Switzerland,2022-12-02,Switzerland,Serbia,Remo Freuler,47,38,2,113,9,34,Long build-up,0.15381548,Round of 16,2,0.1351351351351351,3857256_5,Group Stage,From Free Kick,49.4,25.9,107.2,41.2,107.2,41.2
3869151_1,3869151,Argentina vs Australia,2022-12-03,Argentina,Australia,Lionel Andrés Messi Cuccittini,34,35,1,52,4,8,Medium build-up,0.06663833,Winner,7,0.209090909090909,3869151_1,Round of 16,From Free Kick,100.4,52.7,104.2,48.9,104.2,48.9
3869151_2,3869151,Argentina vs Australia,2022-12-03,Argentina,Australia,Julián Álvarez,56,41,2,89,0,13,Quick attack,0.28060678,Winner,7,0.209090909090909,3869151_2,Round of 16,Regular Play,115.4,22.8,110.4,50.3,110.4,50.3
3857257_1,3857257,Australia vs Denmark,2022-11-30,Australia,Denmark,Mathew Leckie,59,56,2,126,4,10,Medium build-up,0.11353828,Round of 16,2,0.1153846153846153,3857257_1,Group Stage,From Counter,20.6,34.2,105.7,31.5,105.7,31.5
3857258_1,3857258,Brazil vs Serbia,2022-11-24,Brazil,Serbia,Richarlison de Andrade,61,58,2,116,20,59,Long build-up,0.568145,Quarter Final,3,0.101010101010101,3857258_1,Group Stage,Regular Play,45.3,71.0,114.5,41.8,114.5,41.8
3857258_2,3857258,Brazil vs Serbia,2022-11-24,Brazil,Serbia,Richarlison de Andrade,72,54,2,134,5,21,Medium build-up,0.07569885,Quarter Final,3,0.101010101010101,3857258_2,Group Stage,From Throw In,29.9,80.0,107.1,39.6,107.1,39.6
3857288_1,3857288,Tunisia vs Australia,2022-11-26,Australia,Tunisia,Mitchell Thomas Duke,22,50,1,47,8,27,Long build-up,0.04459479,Round of 16,2,0.1153846153846153,3857288_1,Group Stage,From Throw In,45.6,80.0,110.1,32.5,110.1,32.5
3857267_1,3857267,Ecuador vs Senegal,2022-11-29,Senegal,Ecuador,Ismaïla Sarr,43,41,1,70,0,0,Quick attack,0.7835,Round of 16,2,0.1,3857267_1,Group Stage,Other,108.0,40.0,108.0,40.0,108.0,40.0
3857267_2,3857267,Ecuador vs Senegal,2022-11-29,Ecuador,Senegal,Moisés Isaac Caicedo Corozo,66,58,2,126,1,2,Quick attack,0.5894187,Group Stage,1,0.1333333333333333,3857267_2,Group Stage,From Corner,120.0,80.0,117.2,35.6,117.2,35.6
3857267_3,3857267,Ecuador vs Senegal,2022-11-29,Senegal,Ecuador,Kalidou Koulibaly,69,30,2,128,0,3,Quick attack,0.23427999,Round of 16,2,0.1,3857267_3,Group Stage,From Free Kick,88.6,74.6,114.3,46.0,114.3,46.0
3869321_1,3869321,Netherlands vs Argentina,2022-12-09,Argentina,Netherlands,Nahuel Molina Lucero,34,4,1,57,11,43,Long build-up,0.43442267,Winner,7,0.209090909090909,3869321_1,Quarter-finals,From Throw In,64.9,80.0,109.1,42.4,109.1,42.4
3869321_2,3869321,Netherlands vs Argentina,2022-12-09,Argentina,Netherlands,Lionel Andrés Messi Cuccittini,72,39,2,126,0,0,Quick attack,0.7835,Winner,7,0.209090909090909,3869321_2,Quarter-finals,Other,108.0,40.0,108.0,40.0,108.0,40.0
3869321_3,3869321,Netherlands vs Argentina,2022-12-09,Netherlands,Argentina,Wout Weghorst,82,17,2,137,7,34,Long build-up,0.047416847,Quarter Final,3,0.2708333333333333,3869321_3,Quarter-finals,From Free Kick,72.9,60.9,108.7,46.4,108.7,46.4
3869321_4,3869321,Netherlands vs Argentina,2022-12-09,Netherlands,Argentina,Wout Weghorst,100,32,2,166,1,1,Quick attack,0.21959315,Quarter Final,3,0.2708333333333333,3869321_4,Quarter-finals,From Free Kick,96.8,31.8,111.8,39.9,111.8,39.9
3869321_5,3869321,Netherlands vs Argentina,2022-12-09,Argentina,Netherlands,Lionel Andrés Messi Cuccittini,121,3,5,226,0,0,Quick attack,0.7835,Winner,7,0.209090909090909,3869321_5,Quarter-finals,Other,108.1,40.1,108.1,40.1,108.1,40.1
3869321_6,3869321,Netherlands vs Argentina,2022-12-09,Argentina,Netherlands,Leandro Daniel Paredes,122,39,5,228,0,0,Quick attack,0.7835,Winner,7,0.209090909090909,3869321_6,Quarter-finals,Other,108.1,40.1,108.1,40.1,108.1,40.1
3869321_7,3869321,Netherlands vs Argentina,2022-12-09,Netherlands,Argentina,Teun Koopmeiners,123,31,5,229,0,0,Quick attack,0.7835,Quarter Final,3,0.2708333333333333,3869321_7,Quarter-finals,Other,108.1,40.1,108.1,40.1,108.1,40.1
3869321_8,3869321,Netherlands vs Argentina,2022-12-09,Argentina,Netherlands,Gonzalo Ariel Montiel,124,15,5,230,0,0,Quick attack,0.7835,Winner,7,0.209090909090909,3869321_8,Quarter-finals,Other,108.1,40.1,108.1,40.1,108.1,40.1
3869321_9,3869321,Netherlands vs Argentina,2022-12-09,Netherlands,Argentina,Wout Weghorst,124,59,5,231,0,0,Quick attack,0.7835,Quarter Final,3,0.2708333333333333,3869321_9,Quarter-finals,Other,108.1,40.1,108.1,40.1,108.1,40.1
3869321_10,3869321,Netherlands vs Argentina,2022-12-09,Netherlands,Argentina,Luuk de Jong,126,40,5,233,0,0,Quick attack,0.7835,Quarter Final,3,0.2708333333333333,3869321_10,Quarter-finals,Other,108.1,40.1,108.1,40.1,108.1,40.1
3869321_11,3869321,Netherlands vs Argentina,2022-12-09,Argentina,Netherlands,Lautaro Javier Martínez,127,42,5,234,0,0,Quick attack,0.7835,Winner,7,0.209090909090909,3869321_11,Quarter-finals,Other,108.1,40.1,108.1,40.1,108.1,40.1
3869486_1,3869486,Morocco vs Portugal,2022-12-10,Morocco,Portugal,Youssef En-Nesyri,41,36,1,76,15,47,Long build-up,0.20030825,Semi Final,4,0.1363636363636363,3869486_1,Quarter-finals,From Free Kick,14.2,67.6,112.6,39.7,112.6,39.7
3869685_1,3869685,Argentina vs France,2022-12-18,Argentina,France,Lionel Andrés Messi Cuccittini,22,24,1,32,0,0,Quick attack,0.7835,Winner,7,0.209090909090909,3869685_1,Final,Other,108.0,40.0,108.0,40.0,108.0,40.0
3869685_2,3869685,Argentina vs France,2022-12-18,Argentina,France,Ángel Fabián Di María Hernández,35,22,1,52,5,10,Medium build-up,0.30340916,Winner,7,0.209090909090909,3869685_2,Final,From Counter,25.9,71.8,111.8,32.1,111.8,32.1
3869685_3,3869685,Argentina vs France,2022-12-18,France,Argentina,Kylian Mbappé Lottin,79,24,2,163,0,0,Quick attack,0.7835,Final,6,0.1698113207547169,3869685_3,Final,Other,108.0,40.0,108.0,40.0,108.0,40.0
3869685_4,3869685,Argentina vs France,2022-12-18,France,Argentina,Kylian Mbappé Lottin,80,59,2,165,9,46,Long build-up,0.1017027,Final,6,0.1698113207547169,3869685_4,Final,From Throw In,56.5,80.0,104.8,30.1,104.8,30.1
3869685_5,3869685,Argentina vs France,2022-12-18,Argentina,France,Lionel Andrés Messi Cuccittini,107,58,4,228,5,12,Medium build-up,0.48840353,Winner,7,0.209090909090909,3869685_5,Final,Regular Play,43.2,46.2,116.6,43.0,116.6,43.0
3869685_6,3869685,Argentina vs France,2022-12-18,France,Argentina,Kylian Mbappé Lottin,117,5,4,238,0,0,Quick attack,0.7835,Final,6,0.1698113207547169,3869685_6,Final,Other,108.0,40.0,108.0,40.0,108.0,40.0
3869685_7,3869685,Argentina vs France,2022-12-18,France,Argentina,Kylian Mbappé Lottin,120,13,5,248,0,0,Quick attack,0.7835,Final,6,0.1698113207547169,3869685_7,Final,Other,108.1,40.1,108.1,40.1,108.1,40.1
3869685_8,3869685,Argentina vs France,2022-12-18,Argentina,France,Lionel Andrés Messi Cuccittini,121,2,5,249,0,0,Quick attack,0.7835,Winner,7,0.209090909090909,3869685_8,Final,Other,108.1,40.1,108.1,40.1,108.1,40.1
3869685_9,3869685,Argentina vs France,2022-12-18,Argentina,France,Paulo Bruno Exequiel Dybala,122,27,5,251,0,0,Quick attack,0.7835,Winner,7,0.209090909090909,3869685_9,Final,Other,108.1,40.1,108.1,40.1,108.1,40.1
3869685_10,3869685,Argentina vs France,2022-12-18,Argentina,France,Leandro Daniel Paredes,124,16,5,253,0,0,Quick attack,0.7835,Winner,7,0.209090909090909,3869685_10,Final,Other,108.1,40.1,108.1,40.1,108.1,40.1
3869685_11,3869685,Argentina vs France,2022-12-18,France,Argentina,Randal Kolo Muani,125,9,5,254,0,0,Quick attack,0.7835,Final,6,0.1698113207547169,3869685_11,Final,Other,108.1,40.1,108.1,40.1,108.1,40.1
3869685_12,3869685,Argentina vs France,2022-12-18,Argentina,France,Gonzalo Ariel Montiel,125,57,5,255,0,0,Quick attack,0.7835,Winner,7,0.209090909090909,3869685_12,Final,Other,108.1,40.1,108.1,40.1,108.1,40.1
3857260_1,3857260,Saudi Arabia vs Mexico,2022-11-30,Mexico,Saudi Arabia,Henry Josué Martín Mex,46,52,2,112,2,2,Quick attack,0.28809994,Group Stage,1,0.048780487804878,3857260_1,Group Stage,From Corner,120.0,0.1,116.7,40.2,116.7,40.2
3857260_2,3857260,Saudi Arabia vs Mexico,2022-11-30,Mexico,Saudi Arabia,Luis Gerardo Chávez Magallón,51,56,2,120,0,0,Quick attack,0.024289701,Group Stage,1,0.048780487804878,3857260_2,Group Stage,From Free Kick,86.7,41.3,86.7,41.3,86.7,41.3
3857260_3,3857260,Saudi Arabia vs Mexico,2022-11-30,Saudi Arabia,Mexico,Salem Mohammed Al Dawsari,94,40,2,199,6,13,Medium build-up,0.51574713,Group Stage,1,0.1,3857260_3,Group Stage,Regular Play,64.4,46.5,110.9,45.2,110.9,45.2
3857264_1,3857264,Poland vs Argentina,2022-11-30,Argentina,Poland,Alexis Mac Allister,45,53,2,81,17,53,Long build-up,0.107545994,Winner,7,0.209090909090909,3857264_1,Group Stage,From Kick Off,60.0,40.0,106.0,46.7,106.0,46.7
3857264_2,3857264,Poland vs Argentina,2022-11-30,Argentina,Poland,Julián Álvarez,66,57,2,107,27,67,Long build-up,0.10054177,Winner,7,0.209090909090909,3857264_2,Group Stage,From Free Kick,70.9,4.6,106.0,33.5,106.0,33.5
3857266_1,3857266,France vs Denmark,2022-11-26,France,Denmark,Kylian Mbappé Lottin,60,25,2,106,5,16,Medium build-up,0.08505598,Final,6,0.1698113207547169,3857266_1,Group Stage,Regular Play,19.6,73.1,110.8,31.3,110.8,31.3
3857266_2,3857266,France vs Denmark,2022-11-26,Denmark,France,Andreas Christensen,67,15,2,119,1,2,Quick attack,0.25384808,Group Stage,1,0.0285714285714285,3857266_2,Group Stage,From Corner,120.0,80.0,113.0,37.6,113.0,37.6
3857266_3,3857266,France vs Denmark,2022-11-26,France,Denmark,Kylian Mbappé Lottin,85,9,2,144,9,35,Long build-up,0.38353118,Final,6,0.1698113207547169,3857266_3,Group Stage,From Goal Kick,7.0,44.1,117.8,36.5,117.8,36.5
3857289_1,3857289,Argentina vs Mexico,2022-11-26,Argentina,Mexico,Lionel Andrés Messi Cuccittini,63,32,2,105,7,24,Long build-up,0.033919714,Winner,7,0.209090909090909,3857289_1,Group Stage,From Goal Kick,7.0,36.1,94.9,37.4,94.9,37.4
3857289_2,3857289,Argentina vs Mexico,2022-11-26,Argentina,Mexico,Enzo Fernandez,86,39,2,144,2,5,Quick attack,0.035064373,Winner,7,0.209090909090909,3857289_2,Group Stage,From Corner,120.0,0.1,106.5,22.8,106.5,22.8
3857269_1,3857269,Brazil vs Switzerland,2022-11-28,Brazil,Switzerland,Carlos Henrique Casimiro,82,15,2,146,9,29,Long build-up,0.068805926,Quarter Final,3,0.101010101010101,3857269_1,Group Stage,Regular Play,26.3,8.5,106.3,29.4,106.3,29.4
3857294_1,3857294,Netherlands vs Qatar,2022-11-29,Netherlands,Qatar,Cody Mathès Gakpo,25,55,1,60,6,15,Medium build-up,0.14035599,Quarter Final,3,0.2708333333333333,3857294_1,Group Stage,From Goal Kick,6.0,36.0,103.3,39.8,103.3,39.8
3857294_2,3857294,Netherlands vs Qatar,2022-11-29,Netherlands,Qatar,Frenkie de Jong,48,55,2,148,14,59,Long build-up,0.6883914,Quarter Final,3,0.2708333333333333,3857294_2,Group Stage,From Goal Kick,7.0,44.1,117.6,40.3,117.6,40.3
3869254_1,3869254,Portugal vs Switzerland,2022-12-06,Portugal,Switzerland,Gonçalo Matias Ramos,16,43,1,33,2,5,Quick attack,0.10102074,Quarter Final,3,0.1818181818181818,3869254_1,Round of 16,From Throw In,100.4,0.1,111.3,27.5,111.3,27.5
3869254_2,3869254,Portugal vs Switzerland,2022-12-06,Portugal,Switzerland,Kléper Laveran Lima Ferreira,32,35,1,58,1,2,Quick attack,0.12779379,Quarter Final,3,0.1818181818181818,3869254_2,Round of 16,From Corner,120.0,80.0,114.3,40.0,114.3,40.0
3869254_3,3869254,Portugal vs Switzerland,2022-12-06,Portugal,Switzerland,Gonçalo Matias Ramos,50,5,2,91,3,23,Medium build-up,0.5086819,Quarter Final,3,0.1818181818181818,3869254_3,Round of 16,Regular Play,47.4,43.3,115.8,44.4,115.8,44.4
3869254_4,3869254,Portugal vs Switzerland,2022-12-06,Portugal,Switzerland,Raphaël Adelino José Guerreiro,54,55,2,96,7,16,Long build-up,0.35848966,Quarter Final,3,0.1818181818181818,3869254_4,Round of 16,From Free Kick,25.8,14.4,110.9,32.4,110.9,32.4
3869254_5,3869254,Portugal vs Switzerland,2022-12-06,Switzerland,Portugal,Manuel Obafemi Akanji,57,5,2,98,0,2,Quick attack,0.6688656,Round of 16,2,0.1351351351351351,3869254_5,Round of 16,From Corner,120.0,80.0,118.7,35.4,118.7,35.4
3869254_6,3869254,Portugal vs Switzerland,2022-12-06,Portugal,Switzerland,Gonçalo Matias Ramos,66,12,2,115,3,15,Medium build-up,0.46699882,Quarter Final,3,0.1818181818181818,3869254_6,Round of 16,From Goal Kick,6.0,36.0,112.6,45.8,112.6,45.8
3869254_7,3869254,Portugal vs Switzerland,2022-12-06,Portugal,Switzerland,Rafael Alexandre Conceição Leão,91,12,2,157,18,52,Long build-up,0.010257767,Quarter Final,3,0.1818181818181818,3869254_7,Round of 16,From Free Kick,7.3,33.0,105.0,21.7,105.0,21.7
3869118_1,3869118,England vs Senegal,2022-12-04,England,Senegal,Jordan Brian Henderson,38,0,1,60,7,15,Long build-up,0.13174866,Quarter Final,3,0.2063492063492063,3869118_1,Round of 16,From Goal Kick,6.0,36.0,107.6,38.0,107.6,38.0
3869118_2,3869118,England vs Senegal,2022-12-04,England,Senegal,Harry Kane,47,17,1,73,2,5,Quick attack,0.20664306,Quarter Final,3,0.2063492063492063,3869118_2,Round of 16,Regular Play,63.5,44.1,104.3,50.7,104.3,50.7
3869118_3,3869118,England vs Senegal,2022-12-04,England,Senegal,Bukayo Saka,56,43,2,96,4,11,Medium build-up,0.21738943,Quarter Final,3,0.2063492063492063,3869118_3,Round of 16,Regular Play,43.9,28.2,111.0,35.9,111.0,35.9
3869684_1,3869684,Croatia vs Morocco,2022-12-17,Croatia,Morocco,Joško Gvardiol,6,28,1,11,2,2,Quick attack,0.1243582,Semi Final,4,0.1724137931034483,3869684_1,3rd Place Final,From Free Kick,84.6,21.0,108.8,38.0,108.8,38.0
3869684_2,3869684,Croatia vs Morocco,2022-12-17,Morocco,Croatia,Achraf Dari,8,17,1,13,0,3,Quick attack,0.4178385,Semi Final,4,0.1363636363636363,3869684_2,3rd Place Final,From Free Kick,87.7,74.4,115.6,39.0,115.6,39.0
3869684_3,3869684,Croatia vs Morocco,2022-12-17,Croatia,Morocco,Mislav Oršić,41,43,1,71,16,46,Long build-up,0.013095795,Semi Final,4,0.1724137931034483,3869684_3,3rd Place Final,Regular Play,10.8,51.9,106.5,21.3,106.5,21.3
3869519_1,3869519,Argentina vs Croatia,2022-12-13,Argentina,Croatia,Lionel Andrés Messi Cuccittini,33,27,1,54,0,0,Quick attack,0.7835,Winner,7,0.209090909090909,3869519_1,Semi-finals,Other,108.0,40.0,108.0,40.0,108.0,40.0
3869519_2,3869519,Argentina vs Croatia,2022-12-13,Argentina,Croatia,Julián Álvarez,38,26,1,61,1,11,Quick attack,0.36172354,Winner,7,0.209090909090909,3869519_2,Semi-finals,From Counter,21.2,47.8,112.7,37.4,112.7,37.4
3869519_3,3869519,Argentina vs Croatia,2022-12-13,Argentina,Croatia,Julián Álvarez,68,46,2,127,3,14,Medium build-up,0.33366448,Winner,7,0.209090909090909,3869519_3,Semi-finals,From Throw In,42.5,80.0,113.3,45.4,113.3,45.4
3869354_1,3869354,England vs France,2022-12-10,France,England,Aurélien Djani Tchouaméni,16,22,1,44,6,20,Medium build-up,0.027870113,Final,6,0.1698113207547169,3869354_1,Quarter-finals,Regular Play,41.4,14.3,92.5,43.5,92.5,43.5
3869354_2,3869354,England vs France,2022-12-10,England,France,Harry Kane,53,27,2,100,0,0,Quick attack,0.7835,Quarter Final,3,0.2063492063492063,3869354_2,Quarter-finals,Other,108.1,40.1,108.1,40.1,108.1,40.1
3869354_3,3869354,England vs France,2022-12-10,France,England,Olivier Giroud,77,10,2,151,3,8,Medium build-up,0.14665264,Final,6,0.1698113207547169,3869354_3,Quarter-finals,From Corner,88.0,40.3,114.7,36.4,114.7,36.4
3869552_1,3869552,France vs Morocco,2022-12-14,France,Morocco,Theo Bernard François Hernández,4,40,1,6,16,60,Long build-up,0.0979349,Final,6,0.1698113207547169,3869552_1,Semi-finals,From Throw In,61.1,0.1,115.7,31.5,115.7,31.5
3869552_2,3869552,France vs Morocco,2022-12-14,France,Morocco,Randal Kolo Muani,78,49,2,126,6,24,Medium build-up,0.8521293,Final,6,0.1698113207547169,3869552_2,Semi-finals,From Goal Kick,45.2,27.5,115.6,43.8,115.6,43.8
3869420_1,3869420,Croatia vs Brazil,2022-12-09,Brazil,Croatia,Neymar da Silva Santos Junior,105,35,3,229,7,17,Long build-up,0.4674385,Quarter Final,3,0.101010101010101,3869420_1,Quarter-finals,From Throw In,92.0,80.0,116.5,47.2,116.5,47.2
3869420_2,3869420,Croatia vs Brazil,2022-12-09,Croatia,Brazil,Bruno Petković,116,2,4,246,5,30,Medium build-up,0.09977819,Semi Final,4,0.1724137931034483,3869420_2,Quarter-finals,Regular Play,55.3,11.6,103.2,38.6,103.2,38.6
3869420_3,3869420,Croatia vs Brazil,2022-12-09,Croatia,Brazil,Nikola Vlašić,120,3,5,258,0,0,Quick attack,0.7835,Semi Final,4,0.1724137931034483,3869420_3,Quarter-finals,Other,108.0,40.0,108.0,40.0,108.0,40.0
3869420_4,3869420,Croatia vs Brazil,2022-12-09,Croatia,Brazil,Lovro Majer,121,38,5,260,0,0,Quick attack,0.7835,Semi Final,4,0.1724137931034483,3869420_4,Quarter-finals,Other,108.0,40.0,108.0,40.0,108.0,40.0
3869420_5,3869420,Croatia vs Brazil,2022-12-09,Brazil,Croatia,Carlos Henrique Casimiro,122,17,5,261,0,0,Quick attack,0.7835,Quarter Final,3,0.101010101010101,3869420_5,Quarter-finals,Other,108.0,40.0,108.0,40.0,108.0,40.0
3869420_6,3869420,Croatia vs Brazil,2022-12-09,Croatia,Brazil,Luka Modrić,123,6,5,262,0,0,Quick attack,0.7835,Semi Final,4,0.1724137931034483,3869420_6,Quarter-finals,Other,108.0,40.0,108.0,40.0,108.0,40.0
3869420_7,3869420,Croatia vs Brazil,2022-12-09,Brazil,Croatia,Pedro Guilherme Abreu dos Santos,123,49,5,263,0,0,Quick attack,0.7835,Quarter Final,3,0.101010101010101,3869420_7,Quarter-finals,Other,108.0,40.0,108.0,40.0,108.0,40.0
3869420_8,3869420,Croatia vs Brazil,2022-12-09,Croatia,Brazil,Mislav Oršić,124,34,5,264,0,0,Quick attack,0.7835,Semi Final,4,0.1724137931034483,3869420_8,Quarter-finals,Other,108.0,40.0,108.0,40.0,108.0,40.0
3869220_1,3869220,Morocco vs Spain,2022-12-06,Morocco,Spain,Abdelhamid Sabiri,120,7,5,224,0,0,Quick attack,0.7835,Semi Final,4,0.1363636363636363,3869220_1,Round of 16,Other,108.0,40.0,108.0,40.0,108.0,40.0
3869220_2,3869220,Morocco vs Spain,2022-12-06,Morocco,Spain,Hakim Ziyech,121,51,5,226,0,0,Quick attack,0.7835,Semi Final,4,0.1363636363636363,3869220_2,Round of 16,Other,108.0,40.0,108.0,40.0,108.0,40.0
3869220_3,3869220,Morocco vs Spain,2022-12-06,Morocco,Spain,Achraf Hakimi Mouh,125,36,5,230,0,0,Quick attack,0.7835,Semi Final,4,0.1363636363636363,3869220_3,Round of 16,Other,108.0,40.0,108.0,40.0,108.0,40.0
3869219_1,3869219,Japan vs Croatia,2022-12-05,Japan,Croatia,Daizen Maeda,42,54,1,60,4,7,Medium build-up,0.45874894,Round of 16,2,0.125,3869219_1,Round of 16,From Corner,120.0,80.0,113.5,44.3,113.5,44.3
3869219_2,3869219,Japan vs Croatia,2022-12-05,Croatia,Japan,Ivan Perišić,54,54,2,87,16,52,Long build-up,0.02684295,Semi Final,4,0.1724137931034483,3869219_2,Round of 16,Regular Play,32.6,54.6,106.0,34.1,106.0,34.1
3869219_3,3869219,Japan vs Croatia,2022-12-05,Croatia,Japan,Nikola Vlašić,120,43,5,226,0,0,Quick attack,0.7835,Semi Final,4,0.1724137931034483,3869219_3,Round of 16,Other,108.1,40.1,108.1,40.1,108.1,40.1
3869219_4,3869219,Japan vs Croatia,2022-12-05,Croatia,Japan,Marcelo Brozović,121,52,5,228,0,0,Quick attack,0.7835,Semi Final,4,0.1724137931034483,3869219_4,Round of 16,Other,108.1,40.1,108.1,40.1,108.1,40.1
3869219_5,3869219,Japan vs Croatia,2022-12-05,Japan,Croatia,Takuma Asano,122,33,5,229,0,0,Quick attack,0.7835,Round of 16,2,0.125,3869219_5,Round of 16,Other,108.1,40.1,108.1,40.1,108.1,40.1
3869219_6,3869219,Japan vs Croatia,2022-12-05,Croatia,Japan,Mario Pašalić,124,28,5,232,0,0,Quick attack,0.7835,Semi Final,4,0.1724137931034483,3869219_6,Round of 16,Other,108.1,40.1,108.1,40.1,108.1,40.1
3869253_1,3869253,Brazil vs South Korea,2022-12-05,Brazil,South Korea,Vinícius José Paixão de Oliveira Júnior,6,41,1,13,13,49,Long build-up,0.13057186,Quarter Final,3,0.101010101010101,3869253_1,Round of 16,From Free Kick,40.5,54.3,110.0,29.9,110.0,29.9
3869253_2,3869253,Brazil vs South Korea,2022-12-05,Brazil,South Korea,Neymar da Silva Santos Junior,12,18,1,17,0,0,Quick attack,0.7835,Quarter Final,3,0.101010101010101,3869253_2,Round of 16,Other,108.0,40.0,108.0,40.0,108.0,40.0
3869253_3,3869253,Brazil vs South Korea,2022-12-05,Brazil,South Korea,Richarlison de Andrade,28,13,1,46,6,30,Medium build-up,0.5379008,Quarter Final,3,0.101010101010101,3869253_3,Round of 16,From Corner,93.4,32.1,110.7,43.3,110.7,43.3
3869253_4,3869253,Brazil vs South Korea,2022-12-05,Brazil,South Korea,Lucas Tolentino Coelho de Lima,35,45,1,55,6,20,Medium build-up,0.08633457,Quarter Final,3,0.101010101010101,3869253_4,Round of 16,From Throw In,10.9,0.1,110.0,44.8,110.0,44.8
3869253_5,3869253,Brazil vs South Korea,2022-12-05,South Korea,Brazil,Seung-Ho Paik,75,47,2,136,0,3,Quick attack,0.023081098,Round of 16,2,0.1041666666666666,3869253_5,Round of 16,From Free Kick,89.5,66.9,93.7,39.8,93.7,39.8
3869152_1,3869152,France vs Poland,2022-12-04,France,Poland,Olivier Giroud,43,28,1,73,11,26,Long build-up,0.28635955,Final,6,0.1698113207547169,3869152_1,Round of 16,From Throw In,94.8,80.0,105.6,32.3,105.6,32.3
3869152_2,3869152,France vs Poland,2022-12-04,France,Poland,Kylian Mbappé Lottin,73,56,2,121,4,16,Medium build-up,0.08738103,Final,6,0.1698113207547169,3869152_2,Round of 16,Regular Play,8.8,39.3,104.8,28.6,104.8,28.6
3869152_3,3869152,France vs Poland,2022-12-04,France,Poland,Kylian Mbappé Lottin,90,5,2,143,8,23,Long build-up,0.042708755,Final,6,0.1698113207547169,3869152_3,Round of 16,Regular Play,51.8,22.2,106.2,25.2,106.2,25.2
3869152_4,3869152,France vs Poland,2022-12-04,Poland,France,Robert Lewandowski,98,36,2,152,0,0,Quick attack,0.7835,Round of 16,2,0.0967741935483871,3869152_4,Round of 16,Other,108.0,40.0,108.0,40.0,108.0,40.0
3869117_1,3869117,Netherlands vs United States,2022-12-03,Netherlands,United States,Memphis Depay,9,31,1,20,21,63,Long build-up,0.16183718,Quarter Final,3,0.2708333333333333,3869117_1,Round of 16,Regular Play,80.5,25.7,104.9,43.7,104.9,43.7
3869117_2,3869117,Netherlands vs United States,2022-12-03,Netherlands,United States,Daley Blind,45,36,1,72,4,9,Medium build-up,0.2502288,Quarter Final,3,0.2708333333333333,3869117_2,Round of 16,From Throw In,106.1,80.0,107.6,38.5,107.6,38.5
3869117_3,3869117,Netherlands vs United States,2022-12-03,United States,Netherlands,Haji Wright,75,20,2,125,4,6,Medium build-up,0.3636808,Round of 16,2,0.0652173913043478,3869117_3,Round of 16,From Corner,82.4,48.5,115.1,45.2,115.1,45.2
3869117_4,3869117,Netherlands vs United States,2022-12-03,Netherlands,United States,Denzel Dumfries,80,28,2,137,8,27,Long build-up,0.23592436,Quarter Final,3,0.2708333333333333,3869117_4,Round of 16,From Keeper,15.0,34.8,113.5,44.3,113.5,44.3
3857270_1,3857270,Portugal vs Uruguay,2022-11-28,Portugal,Uruguay,Bruno Miguel Borges Fernandes,53,40,2,94,14,42,Long build-up,0.0077694156,Quarter Final,3,0.1818181818181818,3857270_1,Group Stage,Regular Play,7.3,40.0,99.4,14.6,99.4,14.6
3857270_2,3857270,Portugal vs Uruguay,2022-11-28,Portugal,Uruguay,Bruno Miguel Borges Fernandes,92,19,2,161,0,0,Quick attack,0.7835,Quarter Final,3,0.1818181818181818,3857270_2,Group Stage,Other,108.0,40.0,108.0,40.0,108.0,40.0
3857263_1,3857263,Spain vs Germany,2022-11-27,Spain,Germany,Álvaro Borja Morata Martín,61,33,2,131,16,44,Long build-up,0.31874228,Round of 16,2,0.1764705882352941,3857263_1,Group Stage,From Goal Kick,7.0,36.1,113.2,34.3,113.2,34.3
3857263_2,3857263,Spain vs Germany,2022-11-27,Germany,Spain,Niclas Füllkrug,82,25,2,169,2,5,Quick attack,0.16441207,Group Stage,1,0.088235294117647,3857263_2,Group Stage,From Counter,79.5,75.6,110.8,51.9,110.8,51.9
3857259_1,3857259,Cameroon vs Serbia,2022-11-28,Cameroon,Serbia,Jean-Charles Castelletto,28,7,1,52,1,2,Quick attack,0.8945071,Group Stage,1,0.1428571428571428,3857259_1,Group Stage,From Corner,120.0,0.1,118.5,43.2,118.5,43.2
3857259_2,3857259,Cameroon vs Serbia,2022-11-28,Serbia,Cameroon,Strahinja Pavlović,45,22,1,80,1,2,Quick attack,0.07892812,Group Stage,1,0.15625,3857259_2,Group Stage,From Free Kick,86.0,26.7,110.7,42.8,110.7,42.8
3857259_3,3857259,Cameroon vs Serbia,2022-11-28,Serbia,Cameroon,Sergej Milinković-Savić,47,52,1,83,3,14,Medium build-up,0.058657028,Group Stage,1,0.15625,3857259_3,Group Stage,From Throw In,64.7,0.1,99.6,46.7,99.6,46.7
3857259_4,3857259,Cameroon vs Serbia,2022-11-28,Serbia,Cameroon,Aleksandar Mitrović,52,26,2,105,4,7,Medium build-up,0.8974681,Group Stage,1,0.15625,3857259_4,Group Stage,Regular Play,95.5,27.8,113.6,40.2,113.6,40.2
3857259_5,3857259,Cameroon vs Serbia,2022-11-28,Cameroon,Serbia,Vincent Paté Aboubakar,62,52,2,122,4,20,Medium build-up,0.28323865,Group Stage,1,0.1428571428571428,3857259_5,Group Stage,From Goal Kick,6.0,44.0,104.4,49.0,104.4,49.0
3857259_6,3857259,Cameroon vs Serbia,2022-11-28,Cameroon,Serbia,Jean-Eric Maxim Choupo-Moting,65,25,2,124,2,6,Quick attack,0.46942416,Group Stage,1,0.1428571428571428,3857259_6,Group Stage,From Counter,40.5,48.9,111.0,37.0,111.0,37.0
3857295_1,3857295,Japan vs Costa Rica,2022-11-27,Costa Rica,Japan,Keysher Fuller Spence,80,8,2,143,1,2,Quick attack,0.120298475,Group Stage,1,0.1818181818181818,3857295_1,Group Stage,Regular Play,92.3,47.7,102.6,47.5,102.6,47.5
3857283_1,3857283,Belgium vs Morocco,2022-11-27,Morocco,Belgium,Romain Saïss,72,37,2,128,1,1,Quick attack,0.56495196,Semi Final,4,0.1363636363636363,3857283_1,Group Stage,From Free Kick,114.1,3.6,118.0,36.4,118.0,36.4
3857283_2,3857283,Belgium vs Morocco,2022-11-27,Morocco,Belgium,Zakaria Aboukhlal,91,51,2,156,4,12,Medium build-up,0.18104906,Semi Final,4,0.1363636363636363,3857283_2,Group Stage,From Goal Kick,6.0,36.0,110.3,46.8,110.3,46.8
3857284_1,3857284,Germany vs Japan,2022-11-23,Germany,Japan,İlkay Gündoğan,32,35,1,56,0,0,Quick attack,0.7835,Group Stage,1,0.088235294117647,3857284_1,Group Stage,Other,108.0,40.0,108.0,40.0,108.0,40.0
3857284_2,3857284,Germany vs Japan,2022-11-23,Japan,Germany,Ritsu Doan,74,46,2,141,12,48,Long build-up,0.4777511,Round of 16,2,0.125,3857284_2,Group Stage,From Throw In,38.3,80.0,112.1,41.5,112.1,41.5
3857284_3,3857284,Germany vs Japan,2022-11-23,Japan,Germany,Takuma Asano,82,42,2,151,1,6,Quick attack,0.02668418,Round of 16,2,0.125,3857284_3,Group Stage,From Free Kick,39.2,71.1,117.7,50.2,117.7,50.2
3857282_1,3857282,United States vs Wales,2022-11-21,United States,Wales,Timothy Weah,35,12,1,60,6,12,Medium build-up,0.20100605,Round of 16,2,0.0652173913043478,3857282_1,Group Stage,From Counter,26.2,21.8,107.7,37.8,107.7,37.8
3857282_2,3857282,United States vs Wales,2022-11-21,Wales,United States,Gareth Frank Bale,81,33,2,144,0,0,Quick attack,0.7835,Group Stage,1,0.0416666666666666,3857282_2,Group Stage,Other,108.0,40.0,108.0,40.0,108.0,40.0
3857286_1,3857286,Qatar vs Ecuador,2022-11-20,Ecuador,Qatar,Enner Remberto Valencia Lastra,15,49,1,25,0,0,Quick attack,0.7835,Group Stage,1,0.1333333333333333,3857286_1,Group Stage,Other,108.1,40.1,108.1,40.1,108.1,40.1
3857286_2,3857286,Qatar vs Ecuador,2022-11-20,Ecuador,Qatar,Enner Remberto Valencia Lastra,30,44,1,49,2,3,Quick attack,0.08878088,Group Stage,1,0.1333333333333333,3857286_2,Group Stage,Regular Play,112.6,71.8,109.6,38.0,109.6,38.0
3857301_1,3857301,Qatar vs Senegal,2022-11-25,Senegal,Qatar,Boulaye Dia,40,20,1,70,10,39,Long build-up,0.23054633,Round of 16,2,0.1,3857301_1,Group Stage,Regular Play,58.2,43.4,107.2,33.3,107.2,33.3
3857301_2,3857301,Qatar vs Senegal,2022-11-25,Senegal,Qatar,Famara Diedhiou,47,51,2,96,1,1,Quick attack,0.038498666,Round of 16,2,0.1,3857301_2,Group Stage,From Corner,120.0,80.0,112.5,48.1,112.5,48.1
3857301_3,3857301,Qatar vs Senegal,2022-11-25,Qatar,Senegal,Mohammed Muntari,77,39,2,147,6,30,Medium build-up,0.072239615,Group Stage,1,0.05,3857301_3,Group Stage,From Free Kick,64.0,39.1,110.1,38.7,110.1,38.7
3857301_4,3857301,Qatar vs Senegal,2022-11-25,Senegal,Qatar,Cheikh Ahmadou Bamba Mbacke Dieng,83,6,2,155,4,12,Medium build-up,0.11607656,Round of 16,2,0.1,3857301_4,Group Stage,From Throw In,55.7,73.3,107.8,45.3,107.8,45.3
3857300_1,3857300,Argentina vs Saudi Arabia,2022-11-22,Argentina,Saudi Arabia,Lionel Andrés Messi Cuccittini,9,15,1,10,0,0,Quick attack,0.7835,Winner,7,0.209090909090909,3857300_1,Group Stage,Other,108.0,40.0,108.0,40.0,108.0,40.0
3857300_2,3857300,Argentina vs Saudi Arabia,2022-11-22,Saudi Arabia,Argentina,Saleh Khalid Al Shehri,47,40,2,78,5,18,Medium build-up,0.080592275,Group Stage,1,0.1,3857300_2,Group Stage,From Free Kick,49.9,24.7,108.0,29.6,108.0,29.6
3857300_3,3857300,Argentina vs Saudi Arabia,2022-11-22,Saudi Arabia,Argentina,Salem Mohammed Al Dawsari,52,44,2,88,4,31,Medium build-up,0.03280492,Group Stage,1,0.1,3857300_3,Group Stage,Regular Play,66.4,2.7,102.4,25.3,102.4,25.3
3857299_1,3857299,South Korea vs Ghana,2022-11-28,Ghana,South Korea,Mohamed Salisu,23,43,1,38,0,2,Quick attack,0.4040968,Group Stage,1,0.2,3857299_1,Group Stage,From Free Kick,92.9,2.9,115.5,37.9,115.5,37.9
3857299_2,3857299,South Korea vs Ghana,2022-11-28,Ghana,South Korea,Mohammed Kudus,33,49,1,51,31,94,Long build-up,0.20083603,Group Stage,1,0.2,3857299_2,Group Stage,From Goal Kick,7.0,44.1,113.1,41.8,113.1,41.8
3857299_3,3857299,South Korea vs Ghana,2022-11-28,South Korea,Ghana,Gue-Sung Cho,57,19,2,95,6,28,Medium build-up,0.23484395,Round of 16,2,0.1041666666666666,3857299_3,Group Stage,Regular Play,16.8,6.3,112.6,38.4,112.6,38.4
3857299_4,3857299,South Korea vs Ghana,2022-11-28,South Korea,Ghana,Gue-Sung Cho,60,7,2,99,8,29,Long build-up,0.16237147,Round of 16,2,0.1041666666666666,3857299_4,Group Stage,From Throw In,76.4,0.1,115.5,43.7,115.5,43.7
3857299_5,3857299,South Korea vs Ghana,2022-11-28,Ghana,South Korea,Mohammed Kudus,67,52,2,113,8,22,Long build-up,0.15416233,Group Stage,1,0.2,3857299_5,Group Stage,From Free Kick,50.6,61.6,108.4,48.6,108.4,48.6
3857298_1,3857298,Portugal vs Ghana,2022-11-24,Portugal,Ghana,Cristiano Ronaldo dos Santos Aveiro,64,20,2,119,0,0,Quick attack,0.7835,Quarter Final,3,0.1818181818181818,3857298_1,Group Stage,Other,108.1,40.1,108.1,40.1,108.1,40.1
3857298_2,3857298,Portugal vs Ghana,2022-11-24,Ghana,Portugal,André Ayew Pelé,72,11,2,134,5,25,Medium build-up,0.48524466,Group Stage,1,0.2,3857298_2,Group Stage,From Keeper,56.7,64.4,115.6,39.8,115.6,39.8
3857298_3,3857298,Portugal vs Ghana,2022-11-24,Portugal,Ghana,João Félix Sequeira,77,6,2,143,3,8,Medium build-up,0.21504128,Quarter Final,3,0.1818181818181818,3857298_3,Group Stage,Regular Play,46.0,11.0,107.5,52.6,107.5,52.6
3857298_4,3857298,Portugal vs Ghana,2022-11-24,Portugal,Ghana,Rafael Alexandre Conceição Leão,79,21,2,147,2,8,Quick attack,0.15539157,Quarter Final,3,0.1818181818181818,3857298_4,Group Stage,Regular Play,56.1,43.9,111.7,28.3,111.7,28.3
3857298_5,3857298,Portugal vs Ghana,2022-11-24,Ghana,Portugal,Osman Bukari,88,28,2,163,3,13,Medium build-up,0.15547352,Group Stage,1,0.2,3857298_5,Group Stage,From Throw In,51.8,80.0,113.5,40.2,113.5,40.2
3857297_1,3857297,Poland vs Saudi Arabia,2022-11-26,Poland,Saudi Arabia,Piotr Zieliński,38,57,1,68,5,14,Medium build-up,0.23496674,Round of 16,2,0.0967741935483871,3857297_1,Group Stage,From Goal Kick,6.0,36.0,111.9,44.7,111.9,44.7
3857297_2,3857297,Poland vs Saudi Arabia,2022-11-26,Poland,Saudi Arabia,Robert Lewandowski,81,28,2,157,0,13,Quick attack,0.47824246,Round of 16,2,0.0967741935483871,3857297_2,Group Stage,From Goal Kick,94.7,68.6,107.2,44.6,107.2,44.6
3857293_1,3857293,Ghana vs Uruguay,2022-12-02,Uruguay,Ghana,Giorgian Daniel De Arrascaeta Benedetti,25,30,1,48,5,23,Medium build-up,0.71106935,Group Stage,1,0.0606060606060606,3857293_1,Group Stage,Regular Play,48.0,49.4,118.0,42.7,118.0,42.7
3857293_2,3857293,Ghana vs Uruguay,2022-12-02,Uruguay,Ghana,Giorgian Daniel De Arrascaeta Benedetti,31,2,1,57,10,18,Long build-up,0.16736692,Group Stage,1,0.0606060606060606,3857293_2,Group Stage,From Free Kick,75.4,18.1,110.8,31.2,110.8,31.2
3857292_1,3857292,Costa Rica vs Germany,2022-12-01,Germany,Costa Rica,Serge Gnabry,9,31,1,17,3,9,Medium build-up,0.0895267,Group Stage,1,0.088235294117647,3857292_1,Group Stage,Regular Play,53.4,13.9,111.9,33.1,111.9,33.1
3857292_2,3857292,Costa Rica vs Germany,2022-12-01,Costa Rica,Germany,Yeltsin Ignacio Tejeda Valverde,57,39,2,122,3,9,Medium build-up,0.4798206,Group Stage,1,0.1818181818181818,3857292_2,Group Stage,Regular Play,70.8,76.4,114.3,38.1,114.3,38.1
3857292_3,3857292,Costa Rica vs Germany,2022-12-01,Germany,Costa Rica,Kai Havertz,72,4,2,143,18,65,Long build-up,0.4749194,Group Stage,1,0.088235294117647,3857292_3,Group Stage,From Kick Off,60.0,40.0,109.3,42.6,109.3,42.6
3857292_4,3857292,Costa Rica vs Germany,2022-12-01,Germany,Costa Rica,Kai Havertz,84,2,2,165,8,23,Long build-up,0.31018513,Group Stage,1,0.088235294117647,3857292_4,Group Stage,Regular Play,34.7,51.4,113.1,37.6,113.1,37.6
3857292_5,3857292,Costa Rica vs Germany,2022-12-01,Germany,Costa Rica,Niclas Füllkrug,88,13,2,178,17,81,Long build-up,0.510154,Group Stage,1,0.088235294117647,3857292_5,Group Stage,From Throw In,49.4,0.1,114.8,42.5,114.8,42.5
3857291_1,3857291,Spain vs Costa Rica,2022-11-23,Spain,Costa Rica,Daniel Olmo Carvajal,10,52,1,19,26,75,Long build-up,0.48925844,Round of 16,2,0.1764705882352941,3857291_1,Group Stage,From Throw In,110.5,80.0,112.3,39.3,112.3,39.3
3857291_2,3857291,Spain vs Costa Rica,2022-11-23,Spain,Costa Rica,Marco Asensio Willemsen,20,32,1,35,26,79,Long build-up,0.09218961,Round of 16,2,0.1764705882352941,3857291_2,Group Stage,Regular Play,36.1,54.2,105.8,33.4,105.8,33.4
3857291_3,3857291,Spain vs Costa Rica,2022-11-23,Spain,Costa Rica,Ferrán Torres García,30,9,1,42,0,0,Quick attack,0.7835,Round of 16,2,0.1764705882352941,3857291_3,Group Stage,Other,108.1,40.1,108.1,40.1,108.1,40.1
3857291_4,3857291,Spain vs Costa Rica,2022-11-23,Spain,Costa Rica,Ferrán Torres García,53,41,2,80,33,98,Long build-up,0.10498973,Round of 16,2,0.1764705882352941,3857291_4,Group Stage,From Corner,120.0,80.0,114.7,49.4,114.7,49.4
3857291_5,3857291,Spain vs Costa Rica,2022-11-23,Spain,Costa Rica,Pablo Martín Páez Gavira,73,59,2,112,4,28,Medium build-up,0.056229107,Round of 16,2,0.1764705882352941,3857291_5,Group Stage,From Free Kick,32.1,48.1,103.0,45.8,103.0,45.8
3857291_6,3857291,Spain vs Costa Rica,2022-11-23,Spain,Costa Rica,Carlos Soler Barragán,89,11,2,132,6,24,Medium build-up,0.33333436,Round of 16,2,0.1764705882352941,3857291_6,Group Stage,Regular Play,40.8,8.1,109.7,40.1,109.7,40.1
3857291_7,3857291,Spain vs Costa Rica,2022-11-23,Spain,Costa Rica,Álvaro Borja Morata Martín,91,57,2,135,23,65,Long build-up,0.16366571,Round of 16,2,0.1764705882352941,3857291_7,Group Stage,From Keeper,15.8,30.0,104.0,36.4,104.0,36.4
3857290_1,3857290,Switzerland vs Cameroon,2022-11-24,Switzerland,Cameroon,Breel-Donald Embolo,47,33,2,83,13,30,Long build-up,0.55189455,Round of 16,2,0.1351351351351351,3857290_1,Group Stage,From Throw In,98.9,0.1,111.9,39.5,111.9,39.5
3857285_1,3857285,Senegal vs Netherlands,2022-11-21,Netherlands,Senegal,Cody Mathès Gakpo,83,50,2,149,6,16,Medium build-up,0.28603274,Quarter Final,3,0.2708333333333333,3857285_1,Group Stage,Regular Play,108.1,70.9,112.3,39.0,112.3,39.0
3857285_2,3857285,Senegal vs Netherlands,2022-11-21,Netherlands,Senegal,Davy Klaassen,98,18,2,176,8,24,Long build-up,0.34814927,Quarter Final,3,0.2708333333333333,3857285_2,Group Stage,Regular Play,35.7,30.4,109.5,34.8,109.5,34.8
3857281_1,3857281,Croatia vs Canada,2022-11-27,Canada,Croatia,Alphonso Davies,1,8,1,3,11,40,Long build-up,0.08130363,Group Stage,1,0.0285714285714285,3857281_1,Group Stage,Regular Play,15.4,39.2,109.6,36.4,109.6,36.4
3857281_2,3857281,Croatia vs Canada,2022-11-27,Croatia,Canada,Andrej Kramarić,35,53,1,64,6,13,Medium build-up,0.14639324,Semi Final,4,0.1724137931034483,3857281_2,Group Stage,From Corner,100.2,11.2,114.1,29.4,114.1,29.4
3857281_3,3857281,Croatia vs Canada,2022-11-27,Croatia,Canada,Marko Livaja,43,32,1,74,12,31,Long build-up,0.13916126,Semi Final,4,0.1724137931034483,3857281_3,Group Stage,From Free Kick,33.3,56.0,101.0,39.1,101.0,39.1
3857281_4,3857281,Croatia vs Canada,2022-11-27,Croatia,Canada,Andrej Kramarić,69,36,2,142,6,21,Medium build-up,0.10933437,Semi Final,4,0.1724137931034483,3857281_4,Group Stage,Regular Play,43.7,53.8,106.8,47.1,106.8,47.1
3857281_5,3857281,Croatia vs Canada,2022-11-27,Croatia,Canada,Lovro Majer,93,26,2,198,1,1,Quick attack,0.68703645,Semi Final,4,0.1724137931034483,3857281_5,Group Stage,Regular Play,105.0,34.2,109.2,45.4,109.2,45.4
3857280_1,3857280,Cameroon vs Brazil,2022-12-02,Cameroon,Brazil,Vincent Paté Aboubakar,91,48,2,157,4,11,Medium build-up,0.05544736,Group Stage,1,0.1428571428571428,3857280_1,Group Stage,Regular Play,43.7,3.1,106.7,40.7,106.7,40.7
3857279_1,3857279,France vs Australia,2022-11-22,Australia,France,Craig Goodwin,8,24,1,15,6,17,Medium build-up,0.19147108,Round of 16,2,0.1153846153846153,3857279_1,Group Stage,From Throw In,97.5,0.1,114.2,31.3,114.2,31.3
3857279_2,3857279,France vs Australia,2022-11-22,France,Australia,Adrien Rabiot,26,2,1,40,2,4,Quick attack,0.16905431,Final,6,0.1698113207547169,3857279_2,Group Stage,From Corner,80.8,31.8,111.6,42.0,111.6,42.0
3857279_3,3857279,France vs Australia,2022-11-22,France,Australia,Olivier Giroud,31,18,1,48,2,3,Quick attack,0.77927965,Final,6,0.1698113207547169,3857279_3,Group Stage,Regular Play,104.7,9.2,110.5,39.2,110.5,39.2
3857279_4,3857279,France vs Australia,2022-11-22,France,Australia,Kylian Mbappé Lottin,67,3,2,101,29,87,Long build-up,0.14142905,Final,6,0.1698113207547169,3857279_4,Group Stage,Regular Play,33.6,13.2,113.5,42.2,113.5,42.2
3857279_5,3857279,France vs Australia,2022-11-22,France,Australia,Olivier Giroud,70,50,2,106,7,24,Long build-up,0.16888039,Final,6,0.1698113207547169,3857279_5,Group Stage,From Free Kick,45.1,3.9,113.5,42.6,113.5,42.6
3857278_1,3857278,Iran vs United States,2022-11-29,United States,Iran,Christian Pulisic,37,49,1,73,11,30,Long build-up,0.5303789,Round of 16,2,0.0652173913043478,3857278_1,Group Stage,Regular Play,42.8,62.6,115.1,38.7,115.1,38.7
3857276_1,3857276,Canada vs Morocco,2022-12-01,Morocco,Canada,Hakim Ziyech,3,29,1,8,1,11,Quick attack,0.024477394,Semi Final,4,0.1363636363636363,3857276_1,Group Stage,From Throw In,47.0,3.7,83.9,45.0,83.9,45.0
3857276_2,3857276,Canada vs Morocco,2022-12-01,Morocco,Canada,Youssef En-Nesyri,22,36,1,40,6,24,Medium build-up,0.10405799,Semi Final,4,0.1363636363636363,3857276_2,Group Stage,From Throw In,63.3,80.0,107.6,53.2,107.6,53.2
3857275_1,3857275,Tunisia vs France,2022-11-30,Tunisia,France,Wahbi Khazri,57,20,2,120,2,7,Quick attack,0.15620883,Group Stage,1,0.03125,3857275_1,Group Stage,Regular Play,65.4,48.6,103.3,37.8,103.3,37.8
3857274_1,3857274,Netherlands vs Ecuador,2022-11-25,Netherlands,Ecuador,Cody Mathès Gakpo,5,3,1,11,4,18,Medium build-up,0.059259485,Quarter Final,3,0.2708333333333333,3857274_1,Group Stage,From Throw In,55.7,80.0,100.6,31.0,100.6,31.0
3857274_2,3857274,Netherlands vs Ecuador,2022-11-25,Ecuador,Netherlands,Enner Remberto Valencia Lastra,48,44,2,95,2,6,Quick attack,0.790909,Group Stage,1,0.1333333333333333,3857274_2,Group Stage,From Counter,78.7,44.6,116.0,38.1,116.0,38.1
3857273_1,3857273,Wales vs Iran,2022-11-25,Iran,Wales,Roozbeh Cheshmi,97,56,2,187,6,43,Medium build-up,0.03268815,Group Stage,1,0.1212121212121212,3857273_1,Group Stage,From Throw In,48.2,80.0,95.1,37.5,95.1,37.5
3857273_2,3857273,Wales vs Iran,2022-11-25,Iran,Wales,Ramin Rezaeian,100,37,2,190,1,3,Quick attack,0.19933115,Group Stage,1,0.1212121212121212,3857273_2,Group Stage,From Counter,95.7,27.3,104.8,45.3,104.8,45.3
3857271_1,3857271,England vs Iran,2022-11-21,England,Iran,Jude Bellingham,34,9,1,43,17,68,Long build-up,0.08285139,Quarter Final,3,0.2063492063492063,3857271_1,Group Stage,Regular Play,18.6,65.8,112.0,38.0,112.0,38.0
3857271_2,3857271,England vs Iran,2022-11-21,England,Iran,Bukayo Saka,42,46,1,54,2,3,Quick attack,0.061030492,Quarter Final,3,0.2063492063492063,3857271_2,Group Stage,From Corner,120.0,0.1,104.1,38.5,104.1,38.5
3857271_3,3857271,England vs Iran,2022-11-21,England,Iran,Raheem Sterling,45,17,1,57,7,25,Long build-up,0.1885282,Quarter Final,3,0.2063492063492063,3857271_3,Group Stage,Regular Play,40.8,24.1,111.0,42.8,111.0,42.8
3857271_4,3857271,England vs Iran,2022-11-21,England,Iran,Bukayo Saka,61,26,2,106,2,11,Quick attack,0.080026746,Quarter Final,3,0.2063492063492063,3857271_4,Group Stage,Regular Play,57.4,16.4,105.3,46.3,105.3,46.3
3857271_5,3857271,England vs Iran,2022-11-21,Iran,England,Mehdi Taremi,64,33,2,111,6,18,Medium build-up,0.065701395,Group Stage,1,0.1212121212121212,3857271_5,Group Stage,From Throw In,97.9,80.0,109.7,48.0,109.7,48.0
3857271_6,3857271,England vs Iran,2022-11-21,England,Iran,Marcus Rashford,70,51,2,114,3,12,Medium build-up,0.40810898,Quarter Final,3,0.2063492063492063,3857271_6,Group Stage,From Goal Kick,26.7,7.2,109.7,47.7,109.7,47.7
3857271_7,3857271,England vs Iran,2022-11-21,England,Iran,Jack Grealish,89,1,2,135,35,86,Long build-up,0.6262809,Quarter Final,3,0.2063492063492063,3857271_7,Group Stage,From Free Kick,64.2,36.9,112.0,39.9,112.0,39.9
3857271_8,3857271,England vs Iran,2022-11-21,Iran,England,Mehdi Taremi,102,30,2,153,0,0,Quick attack,0.7835,Group Stage,1,0.1212121212121212,3857271_8,Group Stage,Other,108.0,40.0,108.0,40.0,108.0,40.0
3857268_1,3857268,Belgium vs Canada,2022-11-23,Belgium,Canada,Michy Batshuayi Tunga,43,32,1,73,24,89,Long build-up,0.24992359,Group Stage,1,0.0285714285714285,3857268_1,Group Stage,Regular Play,46.1,50.8,109.0,36.1,109.0,36.1
3857262_1,3857262,South Korea vs Portugal,2022-12-02,Portugal,South Korea,Ricardo Jorge Luz Horta,4,53,1,7,8,27,Long build-up,0.29158956,Quarter Final,3,0.1818181818181818,3857262_1,Group Stage,From Goal Kick,7.0,36.1,113.6,47.0,113.6,47.0
3857262_2,3857262,South Korea vs Portugal,2022-12-02,South Korea,Portugal,Young-Gwon Kim,26,43,1,36,0,2,Quick attack,0.6242964,Round of 16,2,0.1041666666666666,3857262_2,Group Stage,From Corner,120.0,0.1,116.7,38.0,116.7,38.0
3857262_3,3857262,South Korea vs Portugal,2022-12-02,South Korea,Portugal,Hee-Chan Hwang,90,28,2,186,1,1,Quick attack,0.42196128,Round of 16,2,0.1041666666666666,3857262_3,Group Stage,From Counter,98.3,52.3,108.3,44.6,108.3,44.6
3857261_1,3857261,Wales vs England,2022-11-29,England,Wales,Marcus Rashford,49,17,2,93,0,0,Quick attack,0.05780817,Quarter Final,3,0.2063492063492063,3857261_1,Group Stage,From Free Kick,96.1,29.3,96.1,29.3,96.1,29.3
3857261_2,3857261,Wales vs England,2022-11-29,England,Wales,Philip Foden,50,53,2,95,1,1,Quick attack,0.44030064,Quarter Final,3,0.2063492063492063,3857261_2,Group Stage,Regular Play,115.8,58.9,114.5,34.1,114.5,34.1
3857261_3,3857261,Wales vs England,2022-11-29,England,Wales,Marcus Rashford,67,40,2,119,14,44,Long build-up,0.096602984,Quarter Final,3,0.2063492063492063,3857261_3,Group Stage,From Throw In,51.9,0.1,109.9,50.3,109.9,50.3
3857255_1,3857255,Japan vs Spain,2022-12-01,Spain,Japan,Álvaro Borja Morata Martín,11,0,1,15,30,106,Long build-up,0.33106714,Round of 16,2,0.1764705882352941,3857255_1,Group Stage,Regular Play,27.6,23.0,115.3,38.3,115.3,38.3
3857255_2,3857255,Japan vs Spain,2022-12-01,Japan,Spain,Ritsu Doan,47,48,2,68,1,4,Quick attack,0.027777622,Round of 16,2,0.125,3857255_2,Group Stage,Regular Play,93.0,70.1,100.5,55.8,100.5,55.8
3857255_3,3857255,Japan vs Spain,2022-12-01,Japan,Spain,Ao Tanaka,50,14,2,71,5,13,Medium build-up,0.87261814,Round of 16,2,0.125,3857255_3,Group Stage,From Free Kick,25.6,10.6,118.7,40.2,118.7,40.2
